﻿<parameters>
  <parameter name="IIS Web Application Name" defaultValue="Default Web Site/SeminaryLibrary_deploy" tags="IisApp">
    <parameterEntry kind="ProviderPath" scope="IisApp" match="^D:\\Projects\\Seminarju\\TestLibrarySorting\\TestLibrarySorting\\obj\\Debug\\Package\\PackageTmp$" />
    <parameterEntry kind="ProviderPath" scope="setAcl" match="^D:\\Projects\\Seminarju\\TestLibrarySorting\\TestLibrarySorting\\obj\\Debug\\Package\\PackageTmp$" />
  </parameter>
  <parameter name="ApplicationServices-Web.config Connection String" description="ApplicationServices Connection String used in web.config by the application to access the database." defaultValue="data source=.\SQLEXPRESS;Integrated Security=SSPI;AttachDBFilename=|DataDirectory|\aspnetdb.mdf;User Instance=true" tags="SqlConnectionString">
    <parameterEntry kind="XmlFile" scope="D:\\Projects\\Seminarju\\TestLibrarySorting\\TestLibrarySorting\\obj\\Debug\\Package\\PackageTmp\\Web\.config$" match="/configuration/connectionStrings/add[@name='ApplicationServices']/@connectionString" />
  </parameter>
  <parameter name="MySqlLibrary-Web.config Connection String" description="MySqlLibrary Connection String used in web.config by the application to access the database." defaultValue="server=localhost;database=semlibrary;uid=qtrackuser;password=SantaLiena1565!" tags="SqlConnectionString">
    <parameterEntry kind="XmlFile" scope="D:\\Projects\\Seminarju\\TestLibrarySorting\\TestLibrarySorting\\obj\\Debug\\Package\\PackageTmp\\Web\.config$" match="/configuration/connectionStrings/add[@name='MySqlLibrary']/@connectionString" />
  </parameter>
</parameters>